<?xml version="1.0" encoding="UTF-8"?>
<!DOCTYPE fontscolors PUBLIC "-//NetBeans//DTD Editor Fonts and Colors settings 1.1//EN" "http://www.netbeans.org/dtds/EditorFontsColors-1_1.dtd">
<fontscolors>
    <fontcolor default="identifier" foreColor="red" name="field"/>
    <fontcolor foreColor="ffff6633" name="string"/>
    <fontcolor default="default" foreColor="magenta" name="entity-reference"/>
    <fontcolor default="identifier" foreColor="orange" name="method"/>
    <fontcolor foreColor="ff009900" name="comment">
        <font style="italic"/>
    </fontcolor>
    <fontcolor foreColor="ff8eb1f7" name="identifier"/>
    <fontcolor name="warning" waveUnderlined="yellow"/>
    <fontcolor name="separator"/>
    <fontcolor name="url" underline="cyan"/>
</fontscolors>
